epoch,train_loss,val_loss,train_acc,val_acc,precision_macro,recall_macro,f1_macro,top5_acc
1,4.122872,4.116496,2.02,1.22,0.0254,0.0112,0.0031,9.06
2,3.878278,3.561394,4.63,8.78,0.0704,0.0878,0.0492,33.53
3,3.676329,3.316487,7.78,14.69,0.1632,0.1470,0.0978,46.73
4,3.362742,3.167956,15.06,17.58,0.1859,0.1759,0.1271,53.38
5,3.115740,2.685861,22.78,32.94,0.3723,0.3296,0.2859,72.41
6,2.897610,2.398140,30.47,40.54,0.4288,0.4055,0.3707,81.00
7,2.701393,2.234476,37.47,45.16,0.4725,0.4516,0.4218,83.10
8,2.640037,2.081459,40.94,50.87,0.5249,0.5088,0.4770,87.95
9,2.478031,1.994238,45.67,54.08,0.5607,0.5409,0.5215,89.54
